query,patient_id,tier,n_relevant,rr_bm25_only,rr_dense_only,rr_hybrid_no_rerank,rr_hybrid_no_router,rr_full_system
متى موعدي القادم؟,151,1,2,1.0,0.1429,0.0,0.2,0.2
ما سبب زيارتي الأخيرة؟,152,1,4,1.0,0.0,0.25,0.125,0.125
ما حالة موعدي الحالي؟,153,1,4,0.0,1.0,0.3333,1.0,1.0
ما الأعراض المسجلة في موعدي؟,154,1,17,1.0,0.1429,1.0,1.0,1.0
هل موعدي الأخير كان أول زيارة؟,155,1,1,0.0,0.1111,0.0,0.0,0.0
ما ملاحظات الموعد؟,156,1,2,1.0,0.0,0.2,0.0,0.0
متى كان آخر موعد لي؟,157,1,2,1.0,0.0,0.3333,0.0,0.0
كم عدد مواعيدي المكتملة؟,158,2,5,0.0,1.0,0.1111,0.3333,0.3333
هل لدي مواعيد معلقة؟,159,2,10,0.1,1.0,0.5,0.5,0.5
هل لدي مواعيد ملغاة؟,160,2,3,0.0,0.125,0.0,1.0,1.0
ما أكثر سبب متكرر لزياراتي؟,161,2,6,0.1111,0.0,1.0,0.0,0.0
بناءً على مواعيدي السابقة، متى يجب أن أحجز المتابعة القادمة؟,162,3,2,0.0,0.1111,0.0,0.1,0.1
بناءً على أعراضي في المواعيد، هل حالتي تتطور؟,163,3,19,1.0,1.0,0.5,1.0,1.0
ما النمط الزمني لزياراتي للعيادة؟,164,3,27,1.0,1.0,0.5,1.0,1.0
ما الأدوية الموصوفة لي؟,151,1,5,0.25,1.0,0.3333,1.0,1.0
ما جرعة دوائي؟,152,1,2,0.0,1.0,0.125,1.0,1.0
كم مرة آخذ الدواء في اليوم؟,153,1,4,0.0,1.0,0.0,1.0,1.0
ما مدة تناول الدواء؟,154,1,6,0.1667,1.0,0.3333,1.0,1.0
ما تعليمات تناول الدواء؟,155,1,4,0.0,1.0,0.0,1.0,1.0
ما اسم الدواء الموصوف؟,156,1,3,0.0,1.0,0.2,1.0,1.0
متى صُرفت وصفتي الأخيرة؟,157,1,5,0.3333,1.0,0.1667,1.0,1.0
هل تغيرت أدويتي مؤخراً؟,158,2,2,0.0,0.5,0.125,0.5,0.5
ما الأدوية التي أتناولها بانتظام؟,159,2,4,0.5,1.0,0.5,0.5,0.5
هل هناك دواء يؤخذ قبل النوم؟,160,2,5,0.0,1.0,0.125,1.0,1.0
كم عدد الأدوية في وصفتي؟,161,2,2,0.0,1.0,0.0,1.0,1.0
بناءً على أدويتي الحالية، هل هناك تعارض محتمل؟,162,3,3,0.0,0.2,0.0,1.0,1.0
هل يجب تعديل جرعة دوائي بناءً على حالتي؟,163,3,5,1.0,1.0,0.5,1.0,1.0
ما الغرض العلاجي من الأدوية الموصوفة؟,164,3,4,0.0,1.0,0.0,1.0,1.0
ما تشخيص حالتي؟,151,1,8,1.0,0.1667,1.0,0.3333,0.3333
ما المرض المسجل في ملفي؟,152,1,2,0.3333,0.1,0.2,0.5,0.5
ما الشكوى الرئيسية لدي؟,153,1,8,1.0,0.25,1.0,0.3333,0.3333
ما ملخص التشخيص؟,154,1,14,1.0,1.0,1.0,1.0,1.0
هل لدي تشخيص مزمن؟,155,1,6,1.0,1.0,0.3333,1.0,1.0
ما الحالة المرضية الأساسية؟,156,1,5,0.1429,0.2,1.0,1.0,1.0
هل تغير تشخيصي مع الوقت؟,157,2,7,0.0,0.0,1.0,0.1,0.1
ما التشخيصات المتكررة في سجلي؟,158,2,3,0.2,0.25,1.0,0.3333,0.3333
هل هناك أكثر من تشخيص؟,159,2,1,0.1429,0.3333,1.0,1.0,1.0
بناءً على تشخيصي، ما الخطة العلاجية المناسبة؟,160,3,9,1.0,1.0,0.3333,0.25,0.25
ما المضاعفات المحتملة لتشخيصي؟,161,3,2,0.0,0.0,0.0,0.0,0.0
ما ملاحظات الطبيب في آخر زيارة؟,151,1,2,1.0,0.0,0.3333,0.2,0.2
ما خطة العلاج الموصوفة؟,152,1,2,1.0,0.1429,1.0,1.0,1.0
متى موعد المتابعة؟,153,1,4,0.3333,1.0,0.3333,1.0,1.0
ما نوع السجل الطبي؟,154,1,8,0.0,0.0,1.0,0.0,0.0
ما تاريخ آخر زيارة طبية؟,155,1,4,1.0,0.0,0.25,0.5,0.5
ما توصيات الطبيب؟,156,1,4,1.0,1.0,0.5,0.3333,0.3333
ما ملخص زياراتي الطبية؟,157,2,25,1.0,1.0,0.3333,1.0,1.0
كيف تطورت حالتي عبر الزيارات؟,158,2,9,1.0,1.0,0.2,1.0,1.0
ما خطط العلاج عبر سجلي؟,159,2,6,1.0,0.5,0.5,1.0,1.0
بناءً على سجلي الطبي الكامل، ما التوصيات؟,160,3,31,1.0,1.0,1.0,1.0,1.0
ما المسار العلاجي بناءً على سجلاتي؟,161,3,14,1.0,1.0,0.5,1.0,1.0
ما مستوى السكر في دمي؟,151,1,7,0.1667,1.0,0.3333,1.0,1.0
ما قراءة ضغط الدم لدي؟,152,1,1,0.5,1.0,1.0,1.0,1.0
كم وزني في آخر فحص؟,153,1,1,0.1667,0.3333,0.25,0.3333,0.3333
ما درجة حرارتي؟,154,1,9,0.1,1.0,0.5,1.0,1.0
ما معدل ضربات القلب؟,155,1,4,0.2,1.0,0.3333,1.0,1.0
ما معدل التنفس؟,156,1,3,0.25,1.0,0.5,1.0,1.0
ما نسبة الأكسجين في الدم؟,157,1,5,0.1667,1.0,0.5,1.0,1.0
هل تحسنت قراءات الضغط؟,158,2,2,0.3333,1.0,0.5,1.0,1.0
هل هناك تغير في وزني؟,159,2,3,0.25,1.0,0.5,1.0,1.0
هل مستوى السكر مستقر؟,160,2,6,0.1667,1.0,0.3333,1.0,1.0
ما اتجاه مؤشراتي الحيوية؟,161,2,5,0.2,1.0,0.5,1.0,1.0
بناءً على مؤشراتي الحيوية، هل حالتي مستقرة؟,162,3,6,0.1429,1.0,0.5,1.0,1.0
ما دلالة قراءاتي الحيوية على صحتي؟,163,3,5,0.1667,1.0,0.3333,1.0,1.0
ما الفحوصات المخبرية المطلوبة لي؟,151,1,5,1.0,0.1667,0.1111,0.1667,0.1667
ما حالة فحص فيتامين د؟,153,1,3,0.0,1.0,0.0,1.0,1.0
ما تعليمات الفحص المخبري؟,154,1,5,0.0,1.0,0.0,1.0,1.0
متى تم طلب الفحص؟,155,1,2,0.0,0.0,0.0,0.2,0.2
ما اسم الفحص المطلوب؟,156,1,2,0.0,1.0,0.0,1.0,1.0
ما رمز الفحص؟,157,1,3,0.0,1.0,0.0,1.0,1.0
هل الفحص مكتمل أم ملغى؟,159,1,8,0.0,1.0,0.25,1.0,1.0
هل اكتملت جميع فحوصاتي؟,160,2,4,0.0,1.0,0.0,0.5,0.5
كم عدد الفحوصات المطلوبة؟,161,2,3,0.0,0.5,0.0,1.0,1.0
ما الفحوصات الملغاة؟,162,2,3,0.0,0.25,0.0,0.1429,0.1429
هل هناك فحوصات معلقة؟,163,2,4,0.3333,0.3333,0.1429,0.0,0.0
بناءً على الفحوصات المطلوبة، ماذا يجب أن أتابع؟,164,3,16,1.0,1.0,0.5,1.0,1.0
ما أهمية الفحوصات المطلوبة لحالتي؟,165,3,5,0.3333,0.125,0.1667,0.1667,0.1667
كم رسوم زيارتي؟,151,1,15,0.0,0.25,0.3333,0.25,0.25
ما تكلفة آخر موعد؟,152,1,1,0.0,0.0,0.0,0.1,0.1
ما رسوم الكشف؟,153,1,18,0.0,0.5,0.3333,1.0,1.0
كم دفعت في آخر زيارة؟,154,1,2,0.0,0.0,0.0,0.0,0.0
ما قيمة الفاتورة؟,155,1,12,0.0,0.1111,0.3333,0.25,0.25
كم إجمالي رسوم زياراتي؟,156,2,26,0.1,1.0,0.5,1.0,1.0
ما متوسط تكلفة زياراتي؟,157,2,18,0.0,1.0,0.3333,1.0,1.0
هل تختلف رسوم زياراتي؟,158,2,21,0.125,1.0,0.5,1.0,1.0
بناءً على حالتي العامة، ما النصائح الصحية المناسبة؟,169,3,46,0.3333,1.0,1.0,1.0,1.0
ما العلاقة بين تشخيصي وأدويتي؟,190,3,31,0.1111,1.0,1.0,0.5,0.5
بناءً على سجلي، ما نمط الحياة الموصى به؟,154,3,5,0.3333,0.0,0.25,1.0,1.0
هل أعراضي تتوافق مع تشخيصي؟,177,3,7,0.1667,0.1,1.0,1.0,1.0
ما أفضل نظام غذائي بناءً على حالتي؟,195,3,16,0.1429,0.5,0.3333,1.0,1.0
بناءً على مواعيدي وأدويتي، هل ألتزم بالعلاج؟,194,3,12,0.5,1.0,0.3333,1.0,1.0
ما التمارين المناسبة لحالتي؟,184,3,2,0.0,0.0,0.0,0.5,0.5
كيف أحسّن حالتي الصحية العامة؟,174,3,21,0.3333,0.3333,0.2,1.0,1.0
بناءً على بياناتي، ما عوامل الخطر لدي؟,151,3,16,0.1667,1.0,1.0,1.0,1.0
هل يجب تغيير خطة علاجي؟,176,3,20,0.3333,0.5,1.0,1.0,1.0
ما الإجراءات الوقائية المناسبة لحالتي؟,160,3,7,0.0,0.0,1.0,0.0,0.0
بناءً على تاريخي الطبي، ما المتابعة المطلوبة؟,185,3,21,1.0,1.0,0.5,0.5,0.5
ما تأثير حالتي على نمط حياتي اليومي؟,162,3,14,1.0,0.0,0.125,0.0,0.0
هل هناك ترابط بين أعراضي المختلفة؟,181,3,13,0.1667,0.1667,0.25,0.5,0.5
ما الأولويات العلاجية بناءً على حالتي؟,183,3,27,1.0,1.0,0.5,1.0,1.0
بناءً على كل بياناتي، ما ملخص حالتي الصحية؟,164,3,38,1.0,1.0,1.0,1.0,1.0
